airwin = Alan W. Irwin <airwin@users.sourceforge.net>
andrewross = Andrew Ross <andrewross@users.sourceforge.net>
arjenmarkus = Arjen Markus <arjenmarkus@users.sourceforge.net>
aroach = Andrew Roach <aroach@users.sourceforge.net>
dschleef = David Schleef <dschleef@users.sourceforge.net>
furnish = Geoffrey Furnish <furnish@users.sourceforge.net>
gray = Mark Gray <gray@users.sourceforge.net>
hbabcock = Hazen Babcock <hbabcock@users.sourceforge.net>
hezekiahcarty = Hezekiah M. Carty <hez@0ok.org>
huntd = Doug Hunt <huntd@users.sourceforge.net>
jbauck = Jerry Bauck <jbauck@users.sourceforge.net>
jcard = Joao Cardoso <jcard@users.sourceforge.net>
mjl = Maurice LeBrun <mjl@users.sourceforge.net>
mlebrun = Maurice LeBrun <mlebrun@users.sourceforge.net>
(no author) = No Author <no_author@users.sourceforge.net>
philrosenberg = Phil Rosenberg <philrosenberg@users.sourceforge.net>
randy-san = James Phillips <randy-san@users.sourceforge.net>
rlaboiss = Rafael Laboissiere <rlaboiss@users.sourceforge.net>
shouman = Rady Shouman <shouman@users.sourceforge.net>
smekal = Werner Smekal <smekal@users.sourceforge.net>
tomduck = Thomas Duck <tomduck@users.sourceforge.net>
uid25278 = uid25278 <uid25278@users.sourceforge.net>
vincentdarley = Vince Darley <vincentdarley@users.sourceforge.net>
wdn = Dave Nystrom <wdn@users.sourceforge.net>
